Problem,Generation,BestCost,TimeMS
GPP,0,562,0
GPP,1,553,31
GPP,2,552,63
GPP,3,548,105
GPP,4,534,138
GPP,5,534,171
GPP,6,520,203
GPP,7,520,236
GPP,8,520,270
GPP,9,520,303
GPP,10,520,335
GPP,11,520,369
GPP,12,520,401
GPP,13,520,433
GPP,14,518,453
GPP,15,518,499
GPP,16,518,532
GPP,17,517,554
GPP,18,517,587
GPP,19,517,624
GPP,20,517,655
GPP,21,517,697
GPP,22,517,730
GPP,23,517,753
GPP,24,517,795
GPP,25,517,827
GPP,26,517,853
GPP,27,517,893
GPP,28,514,926
GPP,29,514,953
GPP,30,513,991
GPP,31,513,1023
GPP,32,513,1053
GPP,33,513,1089
GPP,34,513,1121
GPP,35,513,1153
GPP,36,513,1187
GPP,37,509,1203
GPP,38,509,1251
GPP,39,509,1283
GPP,40,509,1303
GPP,41,508,1348
GPP,42,508,1381
GPP,43,508,1403
GPP,44,506,1447
GPP,45,505,1479
GPP,46,505,1503
GPP,47,505,1544
GPP,48,505,1576
GPP,49,505,1603
GPP,50,505,1642
GPP,51,505,1674
GPP,52,502,1703
GPP,53,502,1740
GPP,54,502,1773
GPP,55,500,1803
GPP,56,500,1839
GPP,57,500,1872
GPP,58,500,1903
GPP,59,500,1940
GPP,60,500,1973
GPP,61,500,2003
GPP,62,500,2039
GPP,63,500,2071
GPP,64,500,2103
GPP,65,500,2138
GPP,66,495,2173
GPP,67,495,2203
GPP,68,492,2245
GPP,69,492,2278
GPP,70,489,2303
GPP,71,489,2345
GPP,72,489,2377
GPP,73,489,2403
GPP,74,489,2444
GPP,75,489,2476
GPP,76,489,2503
GPP,77,489,2542
GPP,78,489,2574
GPP,79,489,2602
GPP,80,489,2643
GPP,81,489,2677
GPP,82,489,2704
GPP,83,489,2743
GPP,84,489,2775
GPP,85,489,2803
GPP,86,489,2840
GPP,87,489,2873
GPP,88,487,2908
GPP,89,487,2940
GPP,90,487,2973
GPP,91,487,3006
GPP,92,487,3039
GPP,93,487,3072
GPP,94,487,3104
GPP,95,487,3139
GPP,96,487,3173
GPP,97,487,3203
GPP,98,487,3251
GPP,99,487,3285
GPP,100,487,3319
GPP,101,487,3352
GPP,102,487,3384
GPP,103,487,3403
GPP,104,487,3450
GPP,105,486,3472
GPP,106,486,3519
GPP,107,486,3537
GPP,108,480,3570
GPP,109,480,3604
GPP,110,480,3637
GPP,111,480,3671
GPP,112,480,3704
GPP,113,480,3737
GPP,114,480,3770
GPP,115,480,3804
GPP,116,480,3844
GPP,117,478,3877
GPP,118,478,3904
GPP,119,478,3937
GPP,120,478,3982
GPP,121,471,4015
GPP,122,471,4037
GPP,123,471,4071
GPP,124,471,4111
GPP,125,471,4139
GPP,126,471,4187
GPP,127,471,4220
GPP,128,471,4238
GPP,129,466,4285
GPP,130,466,4303
GPP,131,466,4349
GPP,132,466,4381
GPP,133,464,4403
GPP,134,464,4448
GPP,135,464,4481
GPP,136,463,4503
GPP,137,463,4548
GPP,138,463,4580
GPP,139,463,4603
GPP,140,463,4645
GPP,141,463,4678
GPP,142,463,4703
GPP,143,463,4742
GPP,144,458,4774
GPP,145,458,4803
GPP,146,458,4839
GPP,147,448,4871
GPP,148,448,4903
GPP,149,448,4935
GPP,150,448,4953
GPP,151,448,5000
GPP,152,448,5032
GPP,153,448,5053
GPP,154,448,5097
GPP,155,448,5129
GPP,156,448,5153
GPP,157,448,5193
GPP,158,448,5225
GPP,159,448,5253
GPP,160,448,5290
GPP,161,448,5322
GPP,162,442,5353
GPP,163,442,5386
GPP,164,442,5403
GPP,165,442,5450
GPP,166,442,5482
GPP,167,442,5503
GPP,168,442,5547
GPP,169,442,5579
GPP,170,442,5603
GPP,171,442,5644
GPP,172,442,5677
GPP,173,442,5703
GPP,174,442,5747
GPP,175,442,5779
GPP,176,442,5803
GPP,177,442,5844
GPP,178,442,5876
GPP,179,442,5903
GPP,180,442,5942
GPP,181,442,5974
GPP,182,442,6003
GPP,183,442,6039
GPP,184,442,6070
GPP,185,442,6103
GPP,186,442,6135
GPP,187,442,6153
GPP,188,442,6200
GPP,189,442,6232
GPP,190,442,6253
GPP,191,442,6297
GPP,192,442,6329
GPP,193,442,6353
GPP,194,442,6393
GPP,195,442,6425
GPP,196,442,6453
GPP,197,440,6490
GPP,198,440,6523
GPP,199,440,6553
GPP,200,440,6588
GPP,201,440,6618
GPP,202,440,6652
GPP,203,440,6684
GPP,204,440,6717
GPP,205,440,6750
GPP,206,440,6782
GPP,207,440,6803
GPP,208,440,6849
GPP,209,440,6880
GPP,210,440,6903
GPP,211,437,6945
GPP,212,437,6976
GPP,213,437,7003
GPP,214,437,7042
GPP,215,437,7073
GPP,216,435,7103
GPP,217,432,7138
GPP,218,432,7169
GPP,219,432,7202
GPP,220,432,7227
GPP,221,428,7254
GPP,222,427,7297
GPP,223,427,7328
GPP,224,426,7353
GPP,225,426,7395
GPP,226,419,7427
GPP,227,419,7454
GPP,228,417,7491
GPP,229,417,7523
GPP,230,417,7553
GPP,231,417,7586
GPP,232,411,7603
GPP,233,411,7649
GPP,234,411,7681
GPP,235,411,7703
GPP,236,411,7750
GPP,237,407,7783
GPP,238,407,7804
GPP,239,406,7835
GPP,240,406,7867
GPP,241,406,7899
GPP,242,406,7931
GPP,243,406,7962
GPP,244,406,7994
GPP,245,406,8035
GPP,246,406,8058
GPP,247,406,8090
GPP,248,406,8121
GPP,249,406,8153
GPP,250,406,8185
GPP,251,406,8232
GPP,252,406,8264
GPP,253,406,8296
GPP,254,406,8328
GPP,255,406,8360
GPP,256,406,8392
GPP,257,406,8423
GPP,258,406,8455
GPP,259,406,8486
GPP,260,406,8525
GPP,261,406,8550
GPP,262,406,8582
GPP,263,406,8614
GPP,264,402,8645
GPP,265,402,8676
GPP,266,402,8708
GPP,267,402,8740
GPP,268,402,8771
GPP,269,402,8803
GPP,270,402,8834
GPP,271,402,8866
GPP,272,402,8899
GPP,273,402,8930
GPP,274,399,8962
GPP,275,399,8993
GPP,276,399,9025
GPP,277,399,9057
GPP,278,399,9088
GPP,279,399,9120
GPP,280,397,9151
GPP,281,397,9183
GPP,282,397,9214
GPP,283,397,9246
GPP,284,397,9278
GPP,285,397,9310
GPP,286,397,9341
GPP,287,397,9373
GPP,288,397,9405
GPP,289,397,9436
GPP,290,397,9468
GPP,291,397,9500
GPP,292,396,9532
GPP,293,396,9564
GPP,294,396,9595
GPP,295,396,9627
GPP,296,396,9659
GPP,297,396,9698
GPP,298,396,9722
GPP,299,396,9753
GPP,300,396,9785
GPP,301,392,9816
GPP,302,392,9848
GPP,303,392,9880
GPP,304,392,9912
GPP,305,392,9944
GPP,306,392,9975
GPP,307,392,10007
GPP,308,391,10049
GPP,309,390,10082
GPP,310,390,10113
GPP,311,390,10146
GPP,312,390,10178
GPP,313,390,10210
GPP,314,390,10242
GPP,315,388,10274
GPP,316,388,10305
GPP,317,388,10337
GPP,318,388,10368
GPP,319,388,10401
GPP,320,388,10433
GPP,321,388,10464
GPP,322,388,10494
GPP,323,388,10526
GPP,324,388,10557
GPP,325,388,10588
GPP,326,388,10620
GPP,327,388,10651
GPP,328,387,10686
GPP,329,387,10715
GPP,330,387,10746
GPP,331,387,10778
GPP,332,387,10809
GPP,333,387,10841
GPP,334,387,10872
GPP,335,387,10904
GPP,336,384,10936
GPP,337,384,10967
GPP,338,384,10999
GPP,339,384,11031
GPP,340,382,11072
GPP,341,382,11104
GPP,342,382,11135
GPP,343,382,11166
GPP,344,382,11188
GPP,345,382,11219
GPP,346,382,11251
GPP,347,382,11283
GPP,348,382,11314
GPP,349,380,11346
GPP,350,380,11378
GPP,351,380,11409
GPP,352,377,11441
GPP,353,377,11473
GPP,354,377,11504
GPP,355,377,11536
GPP,356,377,11567
GPP,357,377,11599
GPP,358,377,11631
GPP,359,377,11662
GPP,360,377,11694
GPP,361,377,11725
GPP,362,377,11757
GPP,363,377,11788
GPP,364,377,11819
GPP,365,377,11851
GPP,366,377,11882
GPP,367,377,11914
GPP,368,377,11945
GPP,369,377,11977
GPP,370,377,12008
GPP,371,375,12040
GPP,372,375,12071
GPP,373,375,12103
GPP,374,375,12135
GPP,375,375,12166
GPP,376,375,12197
GPP,377,375,12245
GPP,378,375,12276
GPP,379,375,12308
GPP,380,375,12339
GPP,381,375,12371
GPP,382,375,12402
GPP,383,375,12434
GPP,384,375,12466
GPP,385,375,12497
GPP,386,375,12529
GPP,387,375,12560
GPP,388,375,12592
GPP,389,375,12624
GPP,390,375,12655
GPP,391,375,12686
GPP,392,375,12718
GPP,393,375,12749
GPP,394,375,12781
GPP,395,375,12813
GPP,396,375,12845
GPP,397,375,12883
GPP,398,375,12908
GPP,399,375,12939
GPP,400,375,12971
GPP,401,375,13003
GPP,402,375,13034
GPP,403,375,13066
GPP,404,375,13097
GPP,405,373,13129
GPP,406,372,13160
GPP,407,372,13191
GPP,408,372,13223
GPP,409,372,13255
GPP,410,372,13286
GPP,411,372,13318
GPP,412,372,13349
GPP,413,372,13380
GPP,414,372,13412
GPP,415,372,13444
GPP,416,372,13476
GPP,417,372,13507
GPP,418,372,13539
GPP,419,372,13571
GPP,420,372,13602
GPP,421,372,13634
GPP,422,372,13665
GPP,423,372,13697
GPP,424,372,13729
GPP,425,372,13760
GPP,426,372,13792
GPP,427,372,13824
GPP,428,368,13855
GPP,429,368,13886
GPP,430,368,13918
GPP,431,368,13950
GPP,432,367,13981
GPP,433,367,14013
GPP,434,367,14044
GPP,435,367,14088
GPP,436,367,14119
GPP,437,367,14151
GPP,438,366,14182
GPP,439,365,14203
GPP,440,365,14234
GPP,441,365,14266
GPP,442,365,14297
GPP,443,365,14329
GPP,444,365,14361
GPP,445,364,14392
GPP,446,364,14424
GPP,447,364,14455
GPP,448,364,14487
GPP,449,364,14518
GPP,450,364,14550
GPP,451,362,14582
GPP,452,362,14613
GPP,453,362,14645
GPP,454,362,14676
GPP,455,362,14717
GPP,456,362,14740
GPP,457,362,14772
GPP,458,362,14803
GPP,459,362,14835
GPP,460,362,14866
GPP,461,362,14898
GPP,462,362,14930
GPP,463,362,14961
GPP,464,362,14993
GPP,465,362,15025
GPP,466,362,15056
GPP,467,362,15088
GPP,468,362,15119
GPP,469,362,15151
GPP,470,362,15182
GPP,471,362,15214
GPP,472,362,15245
GPP,473,362,15293
GPP,474,362,15324
GPP,475,362,15356
GPP,476,362,15387
GPP,477,362,15418
GPP,478,362,15451
GPP,479,362,15482
GPP,480,362,15514
GPP,481,362,15545
GPP,482,362,15576
GPP,483,362,15608
GPP,484,362,15639
GPP,485,362,15671
GPP,486,362,15702
GPP,487,362,15734
GPP,488,362,15765
GPP,489,362,15797
GPP,490,362,15829
GPP,491,362,15861
GPP,492,362,15893
GPP,493,361,15924
GPP,494,361,15956
GPP,495,361,15988
GPP,496,361,16021
GPP,497,361,16051
GPP,498,361,16083
GPP,499,361,16115
GPP,500,361,16147
GPP,501,361,16178
GPP,502,361,16210
GPP,503,361,16242
GPP,504,361,16273
GPP,505,361,16305
GPP,506,361,16337
GPP,507,361,16370
GPP,508,361,16400
GPP,509,358,16432
GPP,510,358,16464
GPP,511,357,16495
GPP,512,357,16526
GPP,513,357,16558
GPP,514,357,16589
GPP,515,357,16621
GPP,516,356,16652
GPP,517,356,16683
GPP,518,356,16715
GPP,519,354,16746
GPP,520,352,16762
GPP,521,352,16794
GPP,522,352,16825
GPP,523,352,16857
GPP,524,349,16888
GPP,525,349,16920
GPP,526,349,16951
GPP,527,349,16983
GPP,528,348,17014
GPP,529,348,17046
GPP,530,348,17077
GPP,531,348,17109
GPP,532,348,17140
GPP,533,343,17172
GPP,534,343,17203
GPP,535,343,17235
GPP,536,343,17266
GPP,537,343,17297
GPP,538,343,17329
GPP,539,343,17360
GPP,540,343,17392
GPP,541,343,17424
GPP,542,343,17455
GPP,543,343,17487
GPP,544,343,17519
GPP,545,343,17550
GPP,546,343,17582
GPP,547,343,17613
GPP,548,343,17645
GPP,549,343,17677
GPP,550,343,17709
GPP,551,343,17749
GPP,552,343,17773
GPP,553,343,17804
GPP,554,343,17836
GPP,555,343,17868
GPP,556,343,17900
GPP,557,343,17931
GPP,558,343,17963
GPP,559,343,18004
GPP,560,343,18035
GPP,561,343,18068
GPP,562,343,18098
GPP,563,343,18129
GPP,564,343,18160
GPP,565,343,18191
GPP,566,343,18223
GPP,567,343,18255
GPP,568,343,18286
GPP,569,343,18318
GPP,570,343,18349
GPP,571,343,18381
GPP,572,343,18411
GPP,573,343,18443
GPP,574,341,18474
GPP,575,341,18504
GPP,576,341,18535
GPP,577,341,18567
GPP,578,341,18598
GPP,579,341,18628
GPP,580,341,18658
GPP,581,341,18687
GPP,582,341,18719
GPP,583,338,18749
GPP,584,338,18777
GPP,585,338,18808
GPP,586,338,18838
GPP,587,338,18867
GPP,588,338,18900
GPP,589,338,18930
GPP,590,336,18961
GPP,591,336,18983
GPP,592,336,19015
GPP,593,336,19046
GPP,594,336,19078
GPP,595,336,19110
GPP,596,336,19142
GPP,597,336,19174
GPP,598,336,19205
GPP,599,336,19237
GPP,600,336,19268
GPP,601,336,19299
GPP,602,336,19331
GPP,603,335,19363
GPP,604,335,19395
GPP,605,335,19427
GPP,606,335,19458
GPP,607,335,19489
GPP,608,335,19521
GPP,609,335,19552
GPP,610,331,19584
GPP,611,331,19615
GPP,612,331,19648
GPP,613,331,19679
GPP,614,331,19711
GPP,615,331,19742
GPP,616,331,19774
GPP,617,331,19805
GPP,618,331,19837
GPP,619,330,19868
GPP,620,330,19900
GPP,621,330,19931
GPP,622,330,19963
GPP,623,330,19994
GPP,624,330,20026
GPP,625,330,20057
GPP,626,330,20088
GPP,627,330,20120
GPP,628,330,20136
GPP,629,330,20167
GPP,630,330,20199
GPP,631,330,20230
GPP,632,330,20262
GPP,633,330,20293
GPP,634,330,20325
GPP,635,330,20356
GPP,636,330,20388
GPP,637,330,20419
GPP,638,330,20451
GPP,639,330,20483
GPP,640,330,20522
GPP,641,330,20546
GPP,642,330,20578
GPP,643,330,20626
GPP,644,330,20662
GPP,645,330,20695
GPP,646,330,20721
GPP,647,330,20771
GPP,648,330,20807
GPP,649,330,20846
GPP,650,330,20879
GPP,651,330,20911
GPP,652,330,20942
GPP,653,330,20973
GPP,654,330,21005
GPP,655,330,21052
GPP,656,330,21084
GPP,657,330,21116
GPP,658,330,21148
GPP,659,330,21179
GPP,660,330,21211
GPP,661,330,21255
GPP,662,330,21274
GPP,663,330,21305
GPP,664,330,21337
GPP,665,330,21369
GPP,666,330,21401
GPP,667,330,21432
GPP,668,330,21480
GPP,669,330,21515
GPP,670,330,21559
GPP,671,330,21591
GPP,672,330,21623
GPP,673,330,21654
GPP,674,330,21686
GPP,675,330,21730
GPP,676,330,21765
GPP,677,330,21813
GPP,678,330,21845
GPP,679,330,21882
GPP,680,330,21908
GPP,681,330,21955
GPP,682,328,21986
GPP,683,328,22018
GPP,684,328,22050
GPP,685,328,22082
GPP,686,328,22113
GPP,687,328,22145
GPP,688,328,22177
GPP,689,325,22209
GPP,690,325,22240
GPP,691,325,22272
GPP,692,325,22303
GPP,693,325,22335
GPP,694,325,22367
GPP,695,325,22398
GPP,696,325,22430
GPP,697,322,22462
GPP,698,322,22494
GPP,699,322,22541
GPP,700,322,22573
GPP,701,322,22604
GPP,702,322,22640
GPP,703,322,22670
GPP,704,321,22702
GPP,705,321,22735
GPP,706,321,22765
GPP,707,321,22798
GPP,708,321,22829
GPP,709,321,22862
GPP,710,321,22895
GPP,711,321,22928
GPP,712,321,22959
GPP,713,321,22990
GPP,714,321,23022
GPP,715,321,23053
GPP,716,321,23071
GPP,717,321,23103
GPP,718,321,23134
GPP,719,321,23165
GPP,720,321,23213
GPP,721,321,23245
GPP,722,321,23277
GPP,723,321,23308
GPP,724,321,23340
GPP,725,321,23373
GPP,726,321,23403
GPP,727,320,23435
GPP,728,320,23475
GPP,729,320,23507
GPP,730,320,23546
GPP,731,320,23577
GPP,732,320,23609
GPP,733,320,23641
GPP,734,320,23673
GPP,735,320,23704
GPP,736,320,23736
GPP,737,320,23769
GPP,738,320,23801
GPP,739,320,23832
GPP,740,320,23863
GPP,741,320,23895
GPP,742,320,23926
GPP,743,320,23957
GPP,744,320,23989
GPP,745,320,24026
GPP,746,320,24062
GPP,747,320,24095
GPP,748,320,24119
GPP,749,320,24147
GPP,750,320,24179
GPP,751,320,24211
GPP,752,320,24243
GPP,753,320,24275
GPP,754,320,24306
GPP,755,320,24338
GPP,756,320,24370
GPP,757,320,24402
GPP,758,320,24442
GPP,759,320,24465
GPP,760,320,24497
GPP,761,320,24528
GPP,762,319,24560
GPP,763,319,24592
GPP,764,318,24623
GPP,765,318,24654
GPP,766,318,24686
GPP,767,318,24717
GPP,768,318,24749
GPP,769,318,24796
GPP,770,318,24813
GPP,771,318,24845
GPP,772,318,24892
GPP,773,318,24924
GPP,774,318,24955
GPP,775,318,24987
GPP,776,318,25018
GPP,777,318,25050
GPP,778,316,25081
GPP,779,316,25113
GPP,780,316,25144
GPP,781,316,25176
GPP,782,316,25208
GPP,783,316,25240
GPP,784,316,25271
GPP,785,316,25303
GPP,786,316,25335
GPP,787,316,25366
GPP,788,316,25405
GPP,789,316,25437
GPP,790,316,25468
GPP,791,316,25500
GPP,792,316,25523
GPP,793,316,25554
GPP,794,316,25586
GPP,795,316,25617
GPP,796,316,25648
GPP,797,316,25680
GPP,798,316,25711
GPP,799,316,25743
GPP,800,316,25774
GPP,801,316,25821
GPP,802,316,25853
GPP,803,316,25884
GPP,804,316,25915
GPP,805,316,25948
GPP,806,316,25979
GPP,807,316,26011
GPP,808,316,26043
GPP,809,316,26075
GPP,810,316,26106
GPP,811,316,26138
GPP,812,316,26169
GPP,813,316,26205
GPP,814,316,26233
GPP,815,316,26264
GPP,816,314,26296
GPP,817,314,26328
GPP,818,314,26359
GPP,819,314,26391
GPP,820,314,26423
GPP,821,314,26454
GPP,822,314,26486
GPP,823,314,26518
GPP,824,314,26549
GPP,825,314,26581
GPP,826,314,26613
GPP,827,314,26644
GPP,828,314,26676
GPP,829,314,26707
GPP,830,314,26738
GPP,831,314,26770
GPP,832,314,26801
GPP,833,314,26833
GPP,834,314,26865
GPP,835,314,26897
GPP,836,314,26928
GPP,837,314,26960
GPP,838,314,26991
GPP,839,314,27023
GPP,840,314,27054
GPP,841,314,27085
GPP,842,314,27117
GPP,843,314,27148
GPP,844,314,27180
GPP,845,314,27211
GPP,846,314,27242
GPP,847,314,27282
GPP,848,314,27306
GPP,849,314,27338
GPP,850,314,27369
GPP,851,314,27401
GPP,852,314,27433
GPP,853,314,27464
GPP,854,314,27496
GPP,855,314,27527
GPP,856,314,27559
GPP,857,314,27590
GPP,858,314,27622
GPP,859,314,27653
GPP,860,314,27685
GPP,861,312,27717
GPP,862,312,27748
GPP,863,312,27780
GPP,864,311,27811
GPP,865,311,27843
GPP,866,311,27875
GPP,867,311,27907
GPP,868,311,27938
GPP,869,311,27970
GPP,870,311,28001
GPP,871,311,28033
GPP,872,311,28065
GPP,873,311,28096
GPP,874,311,28128
GPP,875,311,28160
GPP,876,311,28192
GPP,877,311,28224
GPP,878,311,28255
GPP,879,311,28287
GPP,880,311,28319
GPP,881,311,28350
GPP,882,311,28382
GPP,883,310,28414
GPP,884,310,28446
GPP,885,310,28478
GPP,886,310,28510
GPP,887,310,28542
GPP,888,310,28574
GPP,889,310,28605
GPP,890,310,28638
GPP,891,309,28669
GPP,892,309,28700
GPP,893,309,28732
GPP,894,309,28764
GPP,895,309,28795
GPP,896,309,28827
GPP,897,309,28858
GPP,898,309,28889
GPP,899,309,28921
GPP,900,309,28952
GPP,901,309,28984
GPP,902,309,29016
GPP,903,309,29047
GPP,904,309,29078
GPP,905,309,29110
GPP,906,309,29141
GPP,907,309,29173
GPP,908,309,29204
GPP,909,309,29236
GPP,910,309,29268
GPP,911,309,29299
GPP,912,309,29331
GPP,913,309,29371
GPP,914,309,29393
GPP,915,309,29425
GPP,916,309,29457
GPP,917,309,29498
GPP,918,309,29520
GPP,919,309,29567
GPP,920,309,29599
GPP,921,309,29630
GPP,922,309,29662
GPP,923,309,29694
GPP,924,309,29727
GPP,925,309,29758
GPP,926,309,29789
GPP,927,309,29821
GPP,928,309,29852
GPP,929,309,29884
GPP,930,309,29921
GPP,931,309,29956
GPP,932,309,29980
GPP,933,309,30012
GPP,934,309,30053
GPP,935,309,30084
GPP,936,309,30116
GPP,937,309,30148
GPP,938,309,30180
GPP,939,309,30211
GPP,940,309,30232
GPP,941,309,30264
GPP,942,309,30295
GPP,943,309,30327
GPP,944,309,30358
GPP,945,309,30390
GPP,946,309,30421
GPP,947,309,30453
GPP,948,309,30500
GPP,949,309,30532
GPP,950,309,30563
GPP,951,309,30594
GPP,952,309,30626
GPP,953,309,30657
GPP,954,309,30689
GPP,955,309,30720
GPP,956,309,30752
GPP,957,309,30783
GPP,958,309,30815
GPP,959,309,30846
GPP,960,309,30877
GPP,961,309,30909
GPP,962,309,30941
GPP,963,309,30957
GPP,964,309,30988
GPP,965,309,31020
GPP,966,308,31051
GPP,967,308,31083
GPP,968,308,31114
GPP,969,308,31146
GPP,970,308,31191
GPP,971,308,31210
GPP,972,308,31241
GPP,973,308,31273
GPP,974,308,31320
GPP,975,308,31336
GPP,976,308,31368
GPP,977,307,31399
GPP,978,307,31431
GPP,979,307,31462
GPP,980,307,31494
GPP,981,307,31540
GPP,982,307,31572
GPP,983,305,31603
GPP,984,305,31635
GPP,985,305,31666
GPP,986,305,31697
GPP,987,305,31729
GPP,988,305,31760
GPP,989,305,31791
GPP,990,305,31822
GPP,991,305,31854
GPP,992,305,31885
GPP,993,305,31916
GPP,994,305,31948
GPP,995,305,31963
GPP,996,305,31995
GPP,997,305,32026
GPP,998,305,32058
GPP,999,305,32105
GPP,1000,305,32136
GPP,1001,305,32168
GPP,1002,305,32199
GPP,1003,305,32237
GPP,1004,305,32308
GPP,1005,305,32356
GPP,1006,305,32401
GPP,1007,305,32436
GPP,1008,305,32474
GPP,1009,305,32514
GPP,1010,305,32552
GPP,1011,305,32591
GPP,1012,305,32625
GPP,1013,305,32660
GPP,1014,305,32690
GPP,1015,305,32722
GPP,1016,305,32754
GPP,1017,305,32785
GPP,1018,305,32833
GPP,1019,305,32869
GPP,1020,305,32903
GPP,1021,305,32938
GPP,1022,305,32971
GPP,1023,305,33003
GPP,1024,305,33024
GPP,1025,305,33070
GPP,1026,305,33110
GPP,1027,305,33148
GPP,1028,305,33181
GPP,1029,305,33212
GPP,1030,305,33244
GPP,1031,305,33279
GPP,1032,305,33307
GPP,1033,305,33341
GPP,1034,305,33381
GPP,1035,305,33419
GPP,1036,305,33452
GPP,1037,305,33482
GPP,1038,305,33520
GPP,1039,305,33551
GPP,1040,305,33581
GPP,1041,305,33613
GPP,1042,305,33644
GPP,1043,305,33682
GPP,1044,305,33709
GPP,1045,305,33751
GPP,1046,305,33782
GPP,1047,305,33814
GPP,1048,305,33846
GPP,1049,305,33877
GPP,1050,305,33924
GPP,1051,305,33956
GPP,1052,305,33987
GPP,1053,305,34025
GPP,1054,305,34057
GPP,1055,305,34091
GPP,1056,303,34123
GPP,1057,303,34165
GPP,1058,303,34197
GPP,1059,303,34225
GPP,1060,303,34275
GPP,1061,303,34303
GPP,1062,303,34339
GPP,1063,303,34374
GPP,1064,303,34413
GPP,1065,302,34447
GPP,1066,302,34493
GPP,1067,302,34532
GPP,1068,302,34566
GPP,1069,301,34607
GPP,1070,301,34651
GPP,1071,300,34688
GPP,1072,300,34725
GPP,1073,299,34757
GPP,1074,298,34789
GPP,1075,298,34819
GPP,1076,298,34851
GPP,1077,298,34883
GPP,1078,298,34917
GPP,1079,298,34949
GPP,1080,298,34980
GPP,1081,298,35012
GPP,1082,298,35052
GPP,1083,298,35075
GPP,1084,298,35121
GPP,1085,298,35154
GPP,1086,298,35186
GPP,1087,298,35218
GPP,1088,298,35250
GPP,1089,298,35291
GPP,1090,298,35313
GPP,1091,298,35360
GPP,1092,298,35392
GPP,1093,297,35427
GPP,1094,297,35471
GPP,1095,297,35503
GPP,1096,297,35534
GPP,1097,296,35566
GPP,1098,296,35609
GPP,1099,296,35632
GPP,1100,296,35678
GPP,1101,296,35709
GPP,1102,296,35741
GPP,1103,296,35773
GPP,1104,296,35804
GPP,1105,296,35836
GPP,1106,296,35868
GPP,1107,296,35899
GPP,1108,296,35947
GPP,1109,296,35978
GPP,1110,296,36010
GPP,1111,296,36042
GPP,1112,296,36074
GPP,1113,296,36106
GPP,1114,296,36138
GPP,1115,296,36170
GPP,1116,296,36201
GPP,1117,296,36233
GPP,1118,296,36265
GPP,1119,296,36296
GPP,1120,296,36327
GPP,1121,296,36359
GPP,1122,296,36390
GPP,1123,295,36437
GPP,1124,295,36469
GPP,1125,295,36501
GPP,1126,295,36532
GPP,1127,295,36564
GPP,1128,295,36596
GPP,1129,295,36627
GPP,1130,295,36659
GPP,1131,295,36691
GPP,1132,295,36723
GPP,1133,295,36765
GPP,1134,295,36786
GPP,1135,295,36834
GPP,1136,295,36865
GPP,1137,295,36897
GPP,1138,295,36929
GPP,1139,295,36961
GPP,1140,295,36992
GPP,1141,295,37024
GPP,1142,295,37055
GPP,1143,295,37087
GPP,1144,295,37119
GPP,1145,295,37154
GPP,1146,295,37186
GPP,1147,295,37213
GPP,1148,295,37261
GPP,1149,295,37293
GPP,1150,295,37325
GPP,1151,295,37357
GPP,1152,295,37388
GPP,1153,295,37420
GPP,1154,295,37452
GPP,1155,295,37483
GPP,1156,295,37515
GPP,1157,295,37547
GPP,1158,295,37595
GPP,1159,295,37626
GPP,1160,295,37658
GPP,1161,295,37698
GPP,1162,295,37733
GPP,1163,295,37771
GPP,1164,295,37800
GPP,1165,295,37840
GPP,1166,295,37863
GPP,1167,295,37895
GPP,1168,295,37927
GPP,1169,295,37958
GPP,1170,295,37990
GPP,1171,294,38022
GPP,1172,294,38054
GPP,1173,294,38102
GPP,1174,294,38134
GPP,1175,294,38170
GPP,1176,294,38197
GPP,1177,294,38228
GPP,1178,294,38260
GPP,1179,293,38303
GPP,1180,293,38323
GPP,1181,293,38355
GPP,1182,293,38387
GPP,1183,293,38438
GPP,1184,292,38471
GPP,1185,292,38504
GPP,1186,292,38535
GPP,1187,292,38571
GPP,1188,292,38603
GPP,1189,292,38634
GPP,1190,292,38666
GPP,1191,292,38701
GPP,1192,292,38738
GPP,1193,291,38770
GPP,1194,291,38795
GPP,1195,291,38845
GPP,1196,291,38881
GPP,1197,290,38924
GPP,1198,290,38967
GPP,1199,290,39001
GPP,1200,290,39032
GPP,1201,290,39077
GPP,1202,290,39112
GPP,1203,289,39156
GPP,1204,289,39193
GPP,1205,289,39223
GPP,1206,289,39254
GPP,1207,289,39294
GPP,1208,289,39325
GPP,1209,289,39357
GPP,1210,289,39389
GPP,1211,289,39425
GPP,1212,289,39458
GPP,1213,289,39490
GPP,1214,289,39521
GPP,1215,289,39573
GPP,1216,289,39609
GPP,1217,289,39632
GPP,1218,289,39680
GPP,1219,289,39711
GPP,1220,289,39743
GPP,1221,289,39777
GPP,1222,289,39807
GPP,1223,289,39839
GPP,1224,289,39871
GPP,1225,289,39922
GPP,1226,289,39950
GPP,1227,289,39982
GPP,1228,289,40013
GPP,1229,289,40045
GPP,1230,289,40093
GPP,1231,289,40124
GPP,1232,289,40156
GPP,1233,289,40192
GPP,1234,289,40232
GPP,1235,289,40269
GPP,1236,289,40299
GPP,1237,289,40330
GPP,1238,289,40381
GPP,1239,289,40419
GPP,1240,289,40456
GPP,1241,289,40490
GPP,1242,289,40519
GPP,1243,289,40555
GPP,1244,289,40598
GPP,1245,289,40634
GPP,1246,289,40661
GPP,1247,289,40697
GPP,1248,289,40741
GPP,1249,289,40772
GPP,1250,289,40803
GPP,1251,289,40835
GPP,1252,289,40867
GPP,1253,289,40899
GPP,1254,289,40942
GPP,1255,289,40967
GPP,1256,289,40994
GPP,1257,289,41026
GPP,1258,289,41074
GPP,1259,289,41105
GPP,1260,289,41137
GPP,1261,289,41168
GPP,1262,289,41200
GPP,1263,289,41232
GPP,1264,289,41272
GPP,1265,289,41295
GPP,1266,289,41343
GPP,1267,289,41378
GPP,1268,289,41406
GPP,1269,289,41438
GPP,1270,289,41470
GPP,1271,289,41502
GPP,1272,289,41540
GPP,1273,289,41566
GPP,1274,289,41613
GPP,1275,289,41648
GPP,1276,289,41676
GPP,1277,289,41712
GPP,1278,289,41740
GPP,1279,289,41787
GPP,1280,289,41819
GPP,1281,289,41859
GPP,1282,289,41882
GPP,1283,289,41930
GPP,1284,289,41961
GPP,1285,289,42009
GPP,1286,289,42041
GPP,1287,289,42072
GPP,1288,289,42104
GPP,1289,289,42151
GPP,1290,289,42183
GPP,1291,289,42230
GPP,1292,289,42262
GPP,1293,289,42303
GPP,1294,289,42335
GPP,1295,289,42368
GPP,1296,289,42399
GPP,1297,289,42430
GPP,1298,289,42462
GPP,1299,289,42482
GPP,1300,289,42522
GPP,1301,289,42556
GPP,1302,289,42577
GPP,1303,289,42625
GPP,1304,289,42657
GPP,1305,289,42689
GPP,1306,289,42724
GPP,1307,289,42752
GPP,1308,289,42784
GPP,1309,289,42816
GPP,1310,289,42847
GPP,1311,289,42885
GPP,1312,289,42916
GPP,1313,289,42949
GPP,1314,288,42980
GPP,1315,288,43012
GPP,1316,288,43035
GPP,1317,288,43067
GPP,1318,288,43114
GPP,1319,288,43148
GPP,1320,288,43177
GPP,1321,288,43209
GPP,1322,288,43241
GPP,1323,288,43272
GPP,1324,288,43303
GPP,1325,288,43335
GPP,1326,288,43369
GPP,1327,288,43398
GPP,1328,288,43430
GPP,1329,288,43461
GPP,1330,288,43493
GPP,1331,288,43525
GPP,1332,288,43557
GPP,1333,288,43588
GPP,1334,288,43620
GPP,1335,288,43652
GPP,1336,288,43686
GPP,1337,288,43715
GPP,1338,288,43747
GPP,1339,288,43779
GPP,1340,288,43811
GPP,1341,288,43843
GPP,1342,288,43875
GPP,1343,288,43907
GPP,1344,287,43939
GPP,1345,287,43986
GPP,1346,287,44018
GPP,1347,287,44049
GPP,1348,287,44081
GPP,1349,287,44113
GPP,1350,287,44161
GPP,1351,287,44198
GPP,1352,287,44276
GPP,1353,287,44341
GPP,1354,287,44380
GPP,1355,287,44412
GPP,1356,287,44444
GPP,1357,287,44492
GPP,1358,287,44524
GPP,1359,287,44556
GPP,1360,287,44599
GPP,1361,287,44635
GPP,1362,287,44669
GPP,1363,287,44716
GPP,1364,287,44746
GPP,1365,287,44782
GPP,1366,287,44815
GPP,1367,287,44841
GPP,1368,287,44872
GPP,1369,287,44904
GPP,1370,287,44935
GPP,1371,287,44967
GPP,1372,287,44998
GPP,1373,287,45030
GPP,1374,287,45070
GPP,1375,287,45109
GPP,1376,287,45141
GPP,1377,287,45178
GPP,1378,287,45210
GPP,1379,287,45236
GPP,1380,287,45269
GPP,1381,287,45312
GPP,1382,287,45345
GPP,1383,287,45377
GPP,1384,287,45409
GPP,1385,287,45441
GPP,1386,287,45474
GPP,1387,287,45504
GPP,1388,287,45536
GPP,1389,287,45567
GPP,1390,287,45615
GPP,1391,287,45647
GPP,1392,287,45678
GPP,1393,287,45710
GPP,1394,287,45742
GPP,1395,287,45773
GPP,1396,287,45805
GPP,1397,287,45837
GPP,1398,287,45869
GPP,1399,287,45901
GPP,1400,287,45932
GPP,1401,287,45981
GPP,1402,287,46012
GPP,1403,287,46042
GPP,1404,287,46073
GPP,1405,287,46105
GPP,1406,287,46137
GPP,1407,287,46185
GPP,1408,287,46217
GPP,1409,287,46250
GPP,1410,287,46286
GPP,1411,287,46318
GPP,1412,287,46348
GPP,1413,287,46384
GPP,1414,287,46406
GPP,1415,287,46450
GPP,1416,287,46469
GPP,1417,287,46516
GPP,1418,287,46552
GPP,1419,287,46580
GPP,1420,287,46612
GPP,1421,287,46650
GPP,1422,287,46675
GPP,1423,287,46707
GPP,1424,287,46739
GPP,1425,287,46771
GPP,1426,287,46802
GPP,1427,287,46834
GPP,1428,287,46866
GPP,1429,287,46904
GPP,1430,287,46944
GPP,1431,287,46976
GPP,1432,287,47008
GPP,1433,287,47039
GPP,1434,287,47071
GPP,1435,287,47103
GPP,1436,287,47139
GPP,1437,287,47175
GPP,1438,287,47208
GPP,1439,287,47232
GPP,1440,287,47271
GPP,1441,287,47305
GPP,1442,287,47325
GPP,1443,287,47365
GPP,1444,287,47388
GPP,1445,287,47420
GPP,1446,287,47454
GPP,1447,287,47484
GPP,1448,287,47519
GPP,1449,287,47552
GPP,1450,287,47586
GPP,1451,287,47632
GPP,1452,287,47658
GPP,1453,287,47694
GPP,1454,287,47726
GPP,1455,287,47757
GPP,1456,287,47785
GPP,1457,287,47819
GPP,1458,287,47851
GPP,1459,287,47880
GPP,1460,287,47912
GPP,1461,287,47944
GPP,1462,287,47974
GPP,1463,287,48006
GPP,1464,287,48037
GPP,1465,285,48053
GPP,1466,285,48085
GPP,1467,285,48117
GPP,1468,285,48149
GPP,1469,285,48192
GPP,1470,285,48225
GPP,1471,285,48243
GPP,1472,285,48277
GPP,1473,285,48323
GPP,1474,285,48354
GPP,1475,285,48386
GPP,1476,285,48418
GPP,1477,285,48450
GPP,1478,285,48482
GPP,1479,285,48515
GPP,1480,285,48547
GPP,1481,285,48578
GPP,1482,285,48611
GPP,1483,285,48640
GPP,1484,285,48675
GPP,1485,285,48699
GPP,1486,285,48745
GPP,1487,285,48777
GPP,1488,285,48809
GPP,1489,285,48841
GPP,1490,285,48892
GPP,1491,285,48935
GPP,1492,285,48977
GPP,1493,285,49018
GPP,1494,285,49047
GPP,1495,285,49101
GPP,1496,285,49140
GPP,1497,285,49173
GPP,1498,285,49214
GPP,1499,285,49254
GPP,1500,285,49283
GPP,1501,285,49322
GPP,1502,285,49346
GPP,1503,285,49387
GPP,1504,285,49409
GPP,1505,285,49457
GPP,1506,285,49489
GPP,1507,285,49520
GPP,1508,285,49552
GPP,1509,285,49591
GPP,1510,285,49623
GPP,1511,285,49647
GPP,1512,285,49692
GPP,1513,285,49727
GPP,1514,285,49753
GPP,1515,285,49797
GPP,1516,285,49832
GPP,1517,285,49876
GPP,1518,285,49914
GPP,1519,285,49943
GPP,1520,285,49984
GPP,1521,285,50020
GPP,1522,285,50054
GPP,1523,285,50089
GPP,1524,285,50117
GPP,1525,285,50148
GPP,1526,285,50180
GPP,1527,285,50227
GPP,1528,285,50259
GPP,1529,285,50291
GPP,1530,285,50326
GPP,1531,285,50354
GPP,1532,285,50385
GPP,1533,285,50417
GPP,1534,285,50461
GPP,1535,285,50482
GPP,1536,285,50527
GPP,1537,285,50559
GPP,1538,285,50591
GPP,1539,285,50623
GPP,1540,285,50655
GPP,1541,285,50687
GPP,1542,285,50718
GPP,1543,285,50750
GPP,1544,285,50782
GPP,1545,285,50814
GPP,1546,285,50845
GPP,1547,285,50892
GPP,1548,285,50924
GPP,1549,285,50965
GPP,1550,285,50999
GPP,1551,285,51033
GPP,1552,285,51066
GPP,1553,285,51098
GPP,1554,285,51129
GPP,1555,285,51175
GPP,1556,285,51208
GPP,1557,285,51240
GPP,1558,285,51272
GPP,1559,285,51309
GPP,1560,285,51341
GPP,1561,285,51377
GPP,1562,285,51414
GPP,1563,285,51447
GPP,1564,285,51478
GPP,1565,285,51510
GPP,1566,285,51542
GPP,1567,285,51578
GPP,1568,285,51606
GPP,1569,285,51638
GPP,1570,285,51669
GPP,1571,285,51711
GPP,1572,285,51745
GPP,1573,285,51779
GPP,1574,285,51815
GPP,1575,285,51862
GPP,1576,285,51910
GPP,1577,285,51960
GPP,1578,285,52028
GPP,1579,285,52071
GPP,1580,285,52109
GPP,1581,285,52143
GPP,1582,285,52175
GPP,1583,285,52205
GPP,1584,285,52237
GPP,1585,285,52271
GPP,1586,285,52320
GPP,1587,285,52357
GPP,1588,285,52388
GPP,1589,285,52420
GPP,1590,285,52471
GPP,1591,285,52504
GPP,1592,285,52546
GPP,1593,285,52579
GPP,1594,285,52612
GPP,1595,285,52645
GPP,1596,285,52672
GPP,1597,285,52713
GPP,1598,285,52739
GPP,1599,285,52780
GPP,1600,285,52809
GPP,1601,285,52846
GPP,1602,285,52879
GPP,1603,285,52912
GPP,1604,285,52943
GPP,1605,285,52977
GPP,1606,285,53005
GPP,1607,285,53044
GPP,1608,285,53072
GPP,1609,285,53110
GPP,1610,285,53136
GPP,1611,285,53167
GPP,1612,285,53201
GPP,1613,285,53237
GPP,1614,285,53277
GPP,1615,285,53302
GPP,1616,285,53341
GPP,1617,285,53374
GPP,1618,285,53406
GPP,1619,285,53439
GPP,1620,285,53472
GPP,1621,285,53504
GPP,1622,285,53539
GPP,1623,285,53569
GPP,1624,285,53606
GPP,1625,285,53638
GPP,1626,285,53671
GPP,1627,285,53701
GPP,1628,285,53734
GPP,1629,285,53766
GPP,1630,285,53802
GPP,1631,285,53821
GPP,1632,285,53854
GPP,1633,285,53893
GPP,1634,285,53925
GPP,1635,285,53956
GPP,1636,285,53996
GPP,1637,285,54022
GPP,1638,285,54059
GPP,1639,285,54092
GPP,1640,285,54125
GPP,1641,285,54157
GPP,1642,285,54190
GPP,1643,285,54222
GPP,1644,285,54258
GPP,1645,285,54290
GPP,1646,285,54321
GPP,1647,285,54351
GPP,1648,285,54383
GPP,1649,285,54414
GPP,1650,285,54430
GPP,1651,285,54470
GPP,1652,285,54507
GPP,1653,285,54542
GPP,1654,285,54574
GPP,1655,285,54607
GPP,1656,285,54639
GPP,1657,285,54669
GPP,1658,285,54701
GPP,1659,285,54719
GPP,1660,285,54750
GPP,1661,285,54789
GPP,1662,285,54825
GPP,1663,285,54859
GPP,1664,285,54891
GPP,1665,285,54922
GPP,1666,285,54951
GPP,1667,285,54983
GPP,1668,285,55018
GPP,1669,285,55046
GPP,1670,285,55078
GPP,1671,285,55108
GPP,1672,285,55141
GPP,1673,285,55175
GPP,1674,285,55208
GPP,1675,285,55244
GPP,1676,285,55269
GPP,1677,285,55308
GPP,1678,285,55334
GPP,1679,285,55366
GPP,1680,285,55405
GPP,1681,285,55438
GPP,1682,285,55471
GPP,1683,285,55504
GPP,1684,285,55537
GPP,1685,285,55568
GPP,1686,285,55600
GPP,1687,285,55632
GPP,1688,285,55664
GPP,1689,285,55695
GPP,1690,285,55736
GPP,1691,285,55771
GPP,1692,285,55810
GPP,1693,285,55856
GPP,1694,285,55891
GPP,1695,285,55924
GPP,1696,285,55953
GPP,1697,285,55990
GPP,1698,285,56021
GPP,1699,285,56056
GPP,1700,285,56091
GPP,1701,285,56127
GPP,1702,285,56161
GPP,1703,285,56194
GPP,1704,285,56228
GPP,1705,285,56261
GPP,1706,285,56295
GPP,1707,285,56331
GPP,1708,285,56355
GPP,1709,285,56397
GPP,1710,285,56430
GPP,1711,285,56462
GPP,1712,285,56486
GPP,1713,285,56518
GPP,1714,285,56550
GPP,1715,285,56582
GPP,1716,285,56627
GPP,1717,285,56659
GPP,1718,285,56692
GPP,1719,285,56717
GPP,1720,285,56749
GPP,1721,285,56781
GPP,1722,285,56819
GPP,1723,285,56850
GPP,1724,285,56889
GPP,1725,285,56922
GPP,1726,285,56954
GPP,1727,285,56987
GPP,1728,285,57019
GPP,1729,285,57051
GPP,1730,285,57082
GPP,1731,285,57117
GPP,1732,285,57152
GPP,1733,285,57190
GPP,1734,285,57227
GPP,1735,285,57267
GPP,1736,285,57301
GPP,1737,285,57334
GPP,1738,285,57366
GPP,1739,285,57397
GPP,1740,285,57429
GPP,1741,285,57465
GPP,1742,285,57498
GPP,1743,285,57530
GPP,1744,285,57552
GPP,1745,285,57594
GPP,1746,285,57626
GPP,1747,285,57659
GPP,1748,285,57684
GPP,1749,285,57716
GPP,1750,285,57755
GPP,1751,285,57788
GPP,1752,285,57820
GPP,1753,285,57852
GPP,1754,285,57883
GPP,1755,285,57915
GPP,1756,285,57947
GPP,1757,285,57983
GPP,1758,285,58015
GPP,1759,285,58048
GPP,1760,285,58075
GPP,1761,285,58103
GPP,1762,285,58138
GPP,1763,285,58172
GPP,1764,285,58209
GPP,1765,285,58241
GPP,1766,285,58267
GPP,1767,285,58299
GPP,1768,285,58338
GPP,1769,285,58370
GPP,1770,285,58402
GPP,1771,285,58434
GPP,1772,285,58466
GPP,1773,285,58499
GPP,1774,285,58531