instance_id,run_index,LP_opt,best_feasible_CB,our_LP,our_best_solution,percent_diff_solution,percent_diff_LP,dp_weight
5.100-00-dp0,0,24585.9,24381,-inf,4545,81.3584,inf,0
5.100-00-dp0,1,24585.9,24381,-inf,4545,81.3584,inf,0
5.100-00-dp0,2,24585.9,24381,-inf,4545,81.3584,inf,0
5.100-00-dp0,3,24585.9,24381,-inf,4545,81.3584,inf,0
5.100-00-dp0,4,24585.9,24381,-inf,4545,81.3584,inf,0
5.100-00-dp0,5,24585.9,24381,-inf,4545,81.3584,inf,0
5.100-00-dp0,6,24585.9,24381,-inf,4545,81.3584,inf,0
5.100-00-dp0,7,24585.9,24381,-inf,4545,81.3584,inf,0
5.100-00-dp0,8,24585.9,24381,-inf,4545,81.3584,inf,0
5.100-00-dp0,9,24585.9,24381,-inf,4545,81.3584,inf,0
5.100-00-dp1,0,24585.9,24381,-inf,4264,82.511,inf,0
5.100-00-dp1,1,24585.9,24381,-inf,4264,82.511,inf,0
5.100-00-dp1,2,24585.9,24381,-inf,4264,82.511,inf,0
5.100-00-dp1,3,24585.9,24381,-inf,4264,82.511,inf,0
5.100-00-dp1,4,24585.9,24381,-inf,4264,82.511,inf,0
5.100-00-dp1,5,24585.9,24381,-inf,4264,82.511,inf,0
5.100-00-dp1,6,24585.9,24381,-inf,4264,82.511,inf,0
5.100-00-dp1,7,24585.9,24381,-inf,4264,82.511,inf,0
5.100-00-dp1,8,24585.9,24381,-inf,4264,82.511,inf,0
5.100-00-dp1,9,24585.9,24381,-inf,4264,82.511,inf,0
5.100-01-dp0,0,24538.2,24274,-inf,3190,86.8584,inf,0
5.100-01-dp0,1,24538.2,24274,-inf,3190,86.8584,inf,0
5.100-01-dp0,2,24538.2,24274,-inf,3190,86.8584,inf,0
5.100-01-dp0,3,24538.2,24274,-inf,3190,86.8584,inf,0
5.100-01-dp0,4,24538.2,24274,-inf,3190,86.8584,inf,0
5.100-01-dp0,5,24538.2,24274,-inf,3190,86.8584,inf,0
5.100-01-dp0,6,24538.2,24274,-inf,3190,86.8584,inf,0
5.100-01-dp0,7,24538.2,24274,-inf,3190,86.8584,inf,0
5.100-01-dp0,8,24538.2,24274,-inf,3190,86.8584,inf,0
5.100-01-dp0,9,24538.2,24274,-inf,3190,86.8584,inf,0
5.100-01-dp1,0,24538.2,24274,-inf,3993,83.5503,inf,0
5.100-01-dp1,1,24538.2,24274,-inf,3993,83.5503,inf,0
5.100-01-dp1,2,24538.2,24274,-inf,3993,83.5503,inf,0
5.100-01-dp1,3,24538.2,24274,-inf,3993,83.5503,inf,0
5.100-01-dp1,4,24538.2,24274,-inf,3993,83.5503,inf,0
5.100-01-dp1,5,24538.2,24274,-inf,3993,83.5503,inf,0
5.100-01-dp1,6,24538.2,24274,-inf,3993,83.5503,inf,0
5.100-01-dp1,7,24538.2,24274,-inf,3993,83.5503,inf,0
5.100-01-dp1,8,24538.2,24274,-inf,3993,83.5503,inf,0
5.100-01-dp1,9,24538.2,24274,-inf,3993,83.5503,inf,0
5.100-02-dp0,0,23895.8,23551,-inf,4453,81.0921,inf,0
5.100-02-dp0,1,23895.8,23551,-inf,4453,81.0921,inf,0
5.100-02-dp0,2,23895.8,23551,-inf,4453,81.0921,inf,0
5.100-02-dp0,3,23895.8,23551,-inf,4453,81.0921,inf,0
5.100-02-dp0,4,23895.8,23551,-inf,4453,81.0921,inf,0
5.100-02-dp0,5,23895.8,23551,-inf,4453,81.0921,inf,0
5.100-02-dp0,6,23895.8,23551,-inf,4453,81.0921,inf,0
5.100-02-dp0,7,23895.8,23551,-inf,4453,81.0921,inf,0
5.100-02-dp0,8,23895.8,23551,-inf,4453,81.0921,inf,0
5.100-02-dp0,9,23895.8,23551,-inf,4453,81.0921,inf,0
5.100-02-dp1,0,23895.8,23551,-inf,4453,81.0921,inf,0
5.100-02-dp1,1,23895.8,23551,-inf,4453,81.0921,inf,0
5.100-02-dp1,2,23895.8,23551,-inf,4453,81.0921,inf,0
5.100-02-dp1,3,23895.8,23551,-inf,4453,81.0921,inf,0
5.100-02-dp1,4,23895.8,23551,-inf,4453,81.0921,inf,0
5.100-02-dp1,5,23895.8,23551,-inf,4453,81.0921,inf,0
5.100-02-dp1,6,23895.8,23551,-inf,4453,81.0921,inf,0
5.100-02-dp1,7,23895.8,23551,-inf,4453,81.0921,inf,0
5.100-02-dp1,8,23895.8,23551,-inf,4453,81.0921,inf,0
5.100-02-dp1,9,23895.8,23551,-inf,4453,81.0921,inf,0
5.100-03-dp0,0,23724.1,23534,-inf,1946,91.7311,inf,0
5.100-03-dp0,1,23724.1,23534,-inf,1946,91.7311,inf,0
5.100-03-dp0,2,23724.1,23534,-inf,1946,91.7311,inf,0
5.100-03-dp0,3,23724.1,23534,-inf,1946,91.7311,inf,0
5.100-03-dp0,4,23724.1,23534,-inf,1946,91.7311,inf,0
5.100-03-dp0,5,23724.1,23534,-inf,1946,91.7311,inf,0
5.100-03-dp0,6,23724.1,23534,-inf,1946,91.7311,inf,0
5.100-03-dp0,7,23724.1,23534,-inf,1946,91.7311,inf,0
5.100-03-dp0,8,23724.1,23534,-inf,1946,91.7311,inf,0
5.100-03-dp0,9,23724.1,23534,-inf,1946,91.7311,inf,0
5.100-03-dp1,0,23724.1,23534,-inf,2937,87.5202,inf,0
5.100-03-dp1,1,23724.1,23534,-inf,2937,87.5202,inf,0
5.100-03-dp1,2,23724.1,23534,-inf,2937,87.5202,inf,0
5.100-03-dp1,3,23724.1,23534,-inf,2937,87.5202,inf,0
5.100-03-dp1,4,23724.1,23534,-inf,2937,87.5202,inf,0
5.100-03-dp1,5,23724.1,23534,-inf,2937,87.5202,inf,0
5.100-03-dp1,6,23724.1,23534,-inf,2937,87.5202,inf,0
5.100-03-dp1,7,23724.1,23534,-inf,2937,87.5202,inf,0
5.100-03-dp1,8,23724.1,23534,-inf,2937,87.5202,inf,0
5.100-03-dp1,9,23724.1,23534,-inf,2937,87.5202,inf,0
5.100-04-dp0,0,24223,23991,-inf,19573,18.4152,inf,0
5.100-04-dp0,1,24223,23991,-inf,19573,18.4152,inf,0
5.100-04-dp0,2,24223,23991,-inf,19573,18.4152,inf,0
5.100-04-dp0,3,24223,23991,-inf,19573,18.4152,inf,0
5.100-04-dp0,4,24223,23991,-inf,19573,18.4152,inf,0
5.100-04-dp0,5,24223,23991,-inf,19573,18.4152,inf,0
5.100-04-dp0,6,24223,23991,-inf,19573,18.4152,inf,0
5.100-04-dp0,7,24223,23991,-inf,19573,18.4152,inf,0
5.100-04-dp0,8,24223,23991,-inf,19573,18.4152,inf,0
5.100-04-dp0,9,24223,23991,-inf,19573,18.4152,inf,0
5.100-04-dp1,0,24223,23991,-inf,19573,18.4152,inf,0
5.100-04-dp1,1,24223,23991,-inf,19573,18.4152,inf,0
5.100-04-dp1,2,24223,23991,-inf,19573,18.4152,inf,0
5.100-04-dp1,3,24223,23991,-inf,19573,18.4152,inf,0
5.100-04-dp1,4,24223,23991,-inf,19573,18.4152,inf,0
5.100-04-dp1,5,24223,23991,-inf,19573,18.4152,inf,0
5.100-04-dp1,6,24223,23991,-inf,19573,18.4152,inf,0
5.100-04-dp1,7,24223,23991,-inf,19573,18.4152,inf,0
5.100-04-dp1,8,24223,23991,-inf,19573,18.4152,inf,0
5.100-04-dp1,9,24223,23991,-inf,19573,18.4152,inf,0
5.100-05-dp0,0,24884.2,24613,-inf,16290,33.8155,inf,0
5.100-05-dp0,1,24884.2,24613,-inf,16290,33.8155,inf,0
5.100-05-dp0,2,24884.2,24613,-inf,16290,33.8155,inf,0
5.100-05-dp0,3,24884.2,24613,-inf,16290,33.8155,inf,0
5.100-05-dp0,4,24884.2,24613,-inf,16290,33.8155,inf,0
5.100-05-dp0,5,24884.2,24613,-inf,16290,33.8155,inf,0
5.100-05-dp0,6,24884.2,24613,-inf,16290,33.8155,inf,0
5.100-05-dp0,7,24884.2,24613,-inf,16290,33.8155,inf,0
5.100-05-dp0,8,24884.2,24613,-inf,16290,33.8155,inf,0
5.100-05-dp0,9,24884.2,24613,-inf,16290,33.8155,inf,0
5.100-05-dp1,0,24884.2,24613,-inf,17172,30.232,inf,0
5.100-05-dp1,1,24884.2,24613,-inf,17172,30.232,inf,0
5.100-05-dp1,2,24884.2,24613,-inf,17172,30.232,inf,0
5.100-05-dp1,3,24884.2,24613,-inf,17172,30.232,inf,0
5.100-05-dp1,4,24884.2,24613,-inf,17172,30.232,inf,0
5.100-05-dp1,5,24884.2,24613,-inf,17172,30.232,inf,0
5.100-05-dp1,6,24884.2,24613,-inf,17172,30.232,inf,0
5.100-05-dp1,7,24884.2,24613,-inf,17172,30.232,inf,0
5.100-05-dp1,8,24884.2,24613,-inf,17172,30.232,inf,0
5.100-05-dp1,9,24884.2,24613,-inf,17172,30.232,inf,0
5.100-06-dp0,0,25793.4,25591,-inf,16610,35.0944,inf,0
5.100-06-dp0,1,25793.4,25591,-inf,16610,35.0944,inf,0
5.100-06-dp0,2,25793.4,25591,-inf,16610,35.0944,inf,0
5.100-06-dp0,3,25793.4,25591,-inf,16610,35.0944,inf,0
5.100-06-dp0,4,25793.4,25591,-inf,16610,35.0944,inf,0
5.100-06-dp0,5,25793.4,25591,-inf,16610,35.0944,inf,0
5.100-06-dp0,6,25793.4,25591,-inf,16610,35.0944,inf,0
5.100-06-dp0,7,25793.4,25591,-inf,16610,35.0944,inf,0
5.100-06-dp0,8,25793.4,25591,-inf,16610,35.0944,inf,0
5.100-06-dp0,9,25793.4,25591,-inf,16610,35.0944,inf,0
5.100-06-dp1,0,25793.4,25591,-inf,16677,34.8326,inf,0
5.100-06-dp1,1,25793.4,25591,-inf,16677,34.8326,inf,0
5.100-06-dp1,2,25793.4,25591,-inf,16677,34.8326,inf,0
5.100-06-dp1,3,25793.4,25591,-inf,16677,34.8326,inf,0
5.100-06-dp1,4,25793.4,25591,-inf,16677,34.8326,inf,0
5.100-06-dp1,5,25793.4,25591,-inf,16677,34.8326,inf,0
5.100-06-dp1,6,25793.4,25591,-inf,16677,34.8326,inf,0
5.100-06-dp1,7,25793.4,25591,-inf,16677,34.8326,inf,0
5.100-06-dp1,8,25793.4,25591,-inf,16677,34.8326,inf,0
5.100-06-dp1,9,25793.4,25591,-inf,16677,34.8326,inf,0
5.100-07-dp0,0,23657.9,23410,-inf,18881,19.3464,inf,0
5.100-07-dp0,1,23657.9,23410,-inf,18881,19.3464,inf,0
5.100-07-dp0,2,23657.9,23410,-inf,18881,19.3464,inf,0
5.100-07-dp0,3,23657.9,23410,-inf,18881,19.3464,inf,0
5.100-07-dp0,4,23657.9,23410,-inf,18881,19.3464,inf,0
5.100-07-dp0,5,23657.9,23410,-inf,18881,19.3464,inf,0
5.100-07-dp0,6,23657.9,23410,-inf,18881,19.3464,inf,0
5.100-07-dp0,7,23657.9,23410,-inf,18881,19.3464,inf,0
5.100-07-dp0,8,23657.9,23410,-inf,18881,19.3464,inf,0
5.100-07-dp0,9,23657.9,23410,-inf,18881,19.3464,inf,0
5.100-07-dp1,0,23657.9,23410,-inf,17324,25.9974,inf,0
5.100-07-dp1,1,23657.9,23410,-inf,17324,25.9974,inf,0
5.100-,25591,2,23657.9,23410,-inf,17324,25.9974,inf,0
5.100-07-dp1,3,23657.9,23410,-inf,17324,25.9974,inf,0
5.100-07-dp1,4,23657.9,23410,-inf,17324,25.9974,inf,0
5.100-07-dp1,5,23657.9,23410,-inf,17324,25.9974,inf,0
5.100-07-dp1,6,23657.9,23410,-inf,17324,25.9974,inf,0
5.100-07-dp1,7,23657.9,23410,-inf,17324,25.9974,inf,0
5.100-07-dp1,8,23657.9,23410,-inf,17324,25.9974,inf,0
5.100-07-dp1,9,23657.9,23410,-inf,17324,25.9974,inf,0
5.100-08-dp0,0,24445.6,24216,-inf,42303,-74.6903,inf,0
5.100-08-dp0,1,24445.6,24216,-inf,42303,-74.6903,inf,0
5.100-08-dp0,2,24445.6,24216,-inf,42303,-74.6903,inf,0
5.100-08-dp0,3,24445.6,24216,-inf,42303,-74.6903,inf,0
5.100-08-dp0,4,24445.6,24216,-inf,42303,-74.6903,inf,0
5.100-08-dp0,5,24445.6,24216,-inf,42303,-74.6903,inf,0
5.100-08-dp0,6,24445.6,24216,-inf,42303,-74.6903,inf,0
5.100-08-dp0,7,24445.6,24216,-inf,42303,-74.6903,inf,0
5.100-08-dp0,8,24445.6,24216,-inf,42303,-74.6903,inf,0
5.100-08-dp0,9,24445.6,24216,-inf,42303,-74.6903,inf,0
5.100-08-dp1,0,24445.6,24216,-inf,42361,-74.9298,inf,0
5.100-08-dp1,1,24445.6,24216,-inf,42361,-74.9298,inf,0
5.100-08-dp1,2,24445.6,24216,-inf,42361,-74.9298,inf,0
5.100-08-dp1,3,24445.6,24216,-inf,42361,-74.9298,inf,0
5.100-08-dp1,4,24445.6,24216,-inf,42361,-74.9298,inf,0
5.100-08-dp1,5,24445.6,24216,-inf,42361,-74.9298,inf,0
5.100-08-dp1,6,24445.6,24216,-inf,42361,-74.9298,inf,0
5.100-08-dp1,7,24445.6,24216,-inf,42361,-74.9298,inf,0
5.100-08-dp1,8,24445.6,24216,-inf,42361,-74.9298,inf,0
5.100-08-dp1,9,24445.6,24216,-inf,42361,-74.9298,inf,0
5.100-09-dp0,0,24635.7,24411,-inf,48107,-97.071,inf,0
5.100-09-dp0,1,24635.7,24411,-inf,48107,-97.071,inf,0
5.100-09-dp0,2,24635.7,24411,-inf,48107,-97.071,inf,0
5.100-09-dp0,3,24635.7,24411,-inf,48107,-97.071,inf,0
5.100-09-dp0,4,24635.7,24411,-inf,48107,-97.071,inf,0
5.100-09-dp0,5,24635.7,24411,-inf,48107,-97.071,inf,0
5.100-09-dp0,6,24635.7,24411,-inf,48107,-97.071,inf,0
5.100-09-dp0,7,24635.7,24411,-inf,48107,-97.071,inf,0
5.100-09-dp0,8,24635.7,24411,-inf,48107,-97.071,inf,0
5.100-09-dp0,9,24635.7,24411,-inf,48107,-97.071,inf,0
5.100-09-dp1,0,24635.7,24411,-inf,47617,-95.0637,inf,0
5.100-09-dp1,1,24635.7,24411,-inf,47617,-95.0637,inf,0
5.100-09-dp1,2,24635.7,24411,-inf,47617,-95.0637,inf,0
5.100-09-dp1,3,24635.7,24411,-inf,47617,-95.0637,inf,0
5.100-09-dp1,4,24635.7,24411,-inf,47617,-95.0637,inf,0
5.100-09-dp1,5,24635.7,24411,-inf,47617,-95.0637,inf,0
5.100-09-dp1,6,24635.7,24411,-inf,47617,-95.0637,inf,0
5.100-09-dp1,7,24635.7,24411,-inf,47617,-95.0637,inf,0
5.100-09-dp1,8,24635.7,24411,-inf,47617,-95.0637,inf,0
5.100-09-dp1,9,24635.7,24411,-inf,47617,-95.0637,inf,0
5.100-10-dp0,0,42939.5,42757,-inf,44469,-4.00402,inf,0
5.100-10-dp0,1,42939.5,42757,-inf,44469,-4.00402,inf,0
5.100-10-dp0,2,42939.5,42757,-inf,44469,-4.00402,inf,0
5.100-10-dp0,3,42939.5,42757,-inf,44469,-4.00402,inf,0
5.100-10-dp0,4,42939.5,42757,-inf,44469,-4.00402,inf,0
5.100-10-dp0,5,42939.5,42757,-inf,44469,-4.00402,inf,0
5.100-10-dp0,6,42939.5,42757,-inf,44469,-4.00402,inf,0
5.100-10-dp0,7,42939.5,42757,-inf,44469,-4.00402,inf,0
5.100-10-dp0,8,42939.5,42757,-inf,44469,-4.00402,inf,0
5.100-10-dp0,9,42939.5,42757,-inf,44469,-4.00402,inf,0
5.100-10-dp1,0,42939.5,42757,-inf,44535,-4.15838,inf,0
5.100-10-dp1,1,42939.5,42757,-inf,44535,-4.15838,inf,0
5.100-10-dp1,2,42939.5,42757,-inf,44535,-4.15838,inf,0
5.100-10-dp1,3,42939.5,42757,-inf,44535,-4.15838,inf,0
5.100-10-dp1,4,42939.5,42757,-inf,44535,-4.15838,inf,0
5.100-10-dp1,5,42939.5,42757,-inf,44535,-4.15838,inf,0
5.100-10-dp1,6,42939.5,42757,-inf,44535,-4.15838,inf,0
5.100-10-dp1,7,42939.5,42757,-inf,44535,-4.15838,inf,0
5.100-10-dp1,8,42939.5,42757,-inf,44535,-4.15838,inf,0
5.100-10-dp1,9,42939.5,42757,-inf,44535,-4.15838,inf,0
5.100-11-dp0,0,42706.7,42545,-inf,45137,-6.09237,inf,0
5.100-11-dp0,1,42706.7,42545,-inf,45137,-6.09237,inf,0
5.100-11-dp0,2,42706.7,42545,-inf,45137,-6.09237,inf,0
5.100-11-dp0,3,42706.7,42545,-inf,45137,-6.09237,inf,0
5.100-11-dp0,4,42706.7,42545,-inf,45137,-6.09237,inf,0
5.100-11-dp0,5,42706.7,42545,-inf,45137,-6.09237,inf,0
5.100-11-dp0,6,42706.7,42545,-inf,45137,-6.09237,inf,0
5.100-11-dp0,7,42706.7,42545,-inf,45137,-6.09237,inf,0
5.100-11-dp0,8,42706.7,42545,-inf,45137,-6.09237,inf,0
5.100-11-dp0,9,42706.7,42545,-inf,45137,-6.09237,inf,0
5.100-11-dp1,0,42706.7,42545,-inf,45173,-6.17699,inf,0
5.100-11-dp1,1,42706.7,42545,-inf,45173,-6.17699,inf,0
5.100-11-dp1,2,42706.7,42545,-inf,45173,-6.17699,inf,0
5.100-11-dp1,3,42706.7,42545,-inf,45173,-6.17699,inf,0
5.100-11-dp1,4,42706.7,42545,-inf,45173,-6.17699,inf,0
5.100-11-dp1,5,42706.7,42545,-inf,45173,-6.17699,inf,0
5.100-11-dp1,6,42706.7,42545,-inf,45173,-6.17699,inf,0
5.100-11-dp1,7,42706.7,42545,-inf,45173,-6.17699,inf,0
5.100-11-dp1,8,42706.7,42545,-inf,45173,-6.17699,inf,0
5.100-11-dp1,9,42706.7,42545,-inf,45173,-6.17699,inf,0
5.100-12-dp0,0,42165.2,41968,-inf,106900,-154.718,inf,0
5.100-12-dp0,1,42165.2,41968,-inf,106900,-154.718,inf,0
5.100-12-dp0,2,42165.2,41968,-inf,106900,-154.718,inf,0
5.100-12-dp0,3,42165.2,41968,-inf,106900,-154.718,inf,0
5.100-12-dp0,4,42165.2,41968,-inf,106900,-154.718,inf,0
5.100-12-dp0,5,42165.2,41968,-inf,106900,-154.718,inf,0
5.100-12-dp0,6,42165.2,41968,-inf,106900,-154.718,inf,0
5.100-12-dp0,7,42165.2,41968,-inf,106900,-154.718,inf,0
5.100-12-dp0,8,42165.2,41968,-inf,106900,-154.718,inf,0
5.100-12-dp0,9,42165.2,41968,-inf,106900,-154.718,inf,0
5.100-12-dp1,0,42165.2,41968,-inf,106518,-153.808,inf,0
5.100-12-dp1,1,42165.2,41968,-inf,106518,-153.808,inf,0
5.100-12-dp1,2,42165.2,41968,-inf,106518,-153.808,inf,0
5.100-12-dp1,3,42165.2,41968,-inf,106518,-153.808,inf,0
5.100-12-dp1,4,42165.2,41968,-inf,106518,-153.808,inf,0
5.100-12-dp1,5,42165.2,41968,-inf,106518,-153.808,inf,0
5.100-12-dp1,6,42165.2,41968,-inf,106518,-153.808,inf,0
5.100-12-dp1,7,42165.2,41968,-inf,106518,-153.808,inf,0
5.100-12-dp1,8,42165.2,41968,-inf,106518,-153.808,inf,0
5.100-12-dp1,9,42165.2,41968,-inf,106518,-153.808,inf,0
5.100-13-dp0,0,45347.1,45090,-inf,106807,-136.875,inf,0
5.100-13-dp0,1,45347.1,45090,-inf,106807,-136.875,inf,0
5.100-13-dp0,2,45347.1,45090,-inf,106807,-136.875,inf,0
5.100-13-dp0,3,45347.1,45090,-inf,106807,-136.875,inf,0
5.100-13-dp0,4,45347.1,45090,-inf,106807,-136.875,inf,0
5.100-13-dp0,5,45347.1,45090,-inf,106807,-136.875,inf,0
5.100-13-dp0,6,45347.1,45090,-inf,106807,-136.875,inf,0
5.100-13-dp0,7,45347.1,45090,-inf,106807,-136.875,inf,0
5.100-13-dp0,8,45347.1,45090,-inf,106807,-136.875,inf,0
5.100-13-dp0,9,45347.1,45090,-inf,106807,-136.875,inf,0
5.100-13-dp1,0,45347.1,45090,-inf,107325,-138.024,inf,0
5.100-13-dp1,1,45347.1,45090,-inf,107325,-138.024,inf,0
5.100-13-dp1,2,45347.1,45090,-inf,107325,-138.024,inf,0
5.100-13-dp1,3,45347.1,45090,-inf,107325,-138.024,inf,0
5.100-13-dp1,4,45347.1,45090,-inf,107325,-138.024,inf,0
5.100-13-dp1,5,45347.1,45090,-inf,107325,-138.024,inf,0
5.100-13-dp1,6,45347.1,45090,-inf,107325,-138.024,inf,0
5.100-13-dp1,7,45347.1,45090,-inf,107325,-138.024,inf,0
5.100-13-dp1,8,45347.1,45090,-inf,107325,-138.024,inf,0
5.100-13-dp1,9,45347.1,45090,-inf,107325,-138.024,inf,0
5.100-14-dp0,0,42434.1,42218,-inf,113323,-168.423,inf,0
5.100-14-dp0,1,42434.1,42218,-inf,113323,-168.423,inf,0
5.100-14-dp0,2,42434.1,42218,-inf,113323,-168.423,inf,0
5.100-14-dp0,3,42434.1,42218,-inf,113323,-168.423,inf,0
5.100-14-dp0,4,42434.1,42218,-inf,113323,-168.423,inf,0
5.100-14-dp0,5,42434.1,42218,-inf,113323,-168.423,inf,0
5.100-14-dp0,6,42434.1,42218,-inf,113323,-168.423,inf,0
5.100-14-dp0,7,42434.1,42218,-inf,113323,-168.423,inf,0
5.100-14-dp0,8,42434.1,42218,-inf,113323,-168.423,inf,0
5.100-14-dp0,9,42434.1,42218,-inf,113323,-168.423,inf,0
5.100-14-dp1,0,42434.1,42218,-inf,113980,-169.98,inf,0
5.100-14-dp1,1,42434.1,42218,-inf,113980,-169.98,inf,0
5.100-14-dp1,2,42434.1,42218,-inf,113980,-169.98,inf,0
5.100-14-dp1,3,42434.1,42218,-inf,113980,-169.98,inf,0
5.100-14-dp1,4,42434.1,42218,-inf,113980,-169.98,inf,0
5.100-14-dp1,5,42434.1,42218,-inf,113980,-169.98,inf,0
5.100-14-dp1,6,42434.1,42218,-inf,113980,-169.98,inf,0
5.100-14-dp1,7,42434.1,42218,-inf,113980,-169.98,inf,0
5.100-14-dp1,8,42434.1,42218,-inf,113980,-169.98,inf,0
5.100-14-dp1,9,42434.1,42218,-inf,113980,-169.98,inf,0
5.100-15-dp0,0,43082.2,4292,57983,114819,-167.475,inf,0
5.100-15-dp0,1,43082.2,42927,-inf,114819,-167.475,inf,0
5.100-15-dp0,2,43082.2,42927,-inf,114819,-167.475,inf,0
5.100-15-dp0,3,43082.2,42927,-inf,114819,-167.475,inf,0
5.100-15-dp0,4,43082.2,42927,-inf,114819,-167.475,inf,0
5.100-15-dp0,5,43082.2,42927,-inf,114819,-167.475,inf,0
5.100-15-dp0,6,43082.2,42927,-inf,114819,-167.475,inf,0
5.100-15-dp0,7,43082.2,42927,-inf,114819,-167.475,inf,0
5.100-15-dp0,8,43082.2,42927,-inf,114819,-167.475,inf,0
5.100-15-dp0,9,43082.2,42927,-inf,114819,-167.475,inf,0
5.100-15-dp1,0,43082.2,42927,-inf,114559,-166.869,inf,0
5.100-15-dp1,1,43082.2,42927,-inf,114559,-166.869,inf,0
5.100-15-dp1,2,43082.2,42927,-inf,114559,-166.869,inf,0
5.100-15-dp1,3,43082.2,42927,-inf,114559,-166.869,inf,0
5.100-15-dp1,4,43082.2,42927,-inf,114559,-166.869,inf,0
5.100-15-dp1,5,43082.2,42927,-inf,114559,-166.869,inf,0
5.100-15-dp1,6,43082.2,42927,-inf,114156,-165.931,inf,0
5.100-15-dp1,7,43082.2,42927,-inf,114559,-166.869,inf,0
5.100-15-dp1,8,43082.2,42927,-inf,114156,-165.931,inf,0
5.100-15-dp1,9,43082.2,42927,-inf,114559,-166.869,inf,0
5.100-16-dp0,0,42190.6,42009,-inf,227561,-441.696,inf,0
5.100-16-dp0,1,42190.6,42009,-inf,227561,-441.696,inf,0
5.100-16-dp0,2,42190.6,42009,-inf,227561,-441.696,inf,0
5.100-16-dp0,3,42190.6,42009,-inf,227561,-441.696,inf,0
5.100-16-dp0,4,42190.6,42009,-inf,227561,-441.696,inf,0
5.100-16-dp0,5,42190.6,42009,-inf,227561,-441.696,inf,0
5.100-16-dp0,6,42190.6,42009,-inf,227561,-441.696,inf,0
5.100-16-dp0,7,42190.6,42009,-inf,227561,-441.696,inf,0
5.100-16-dp0,8,42190.6,42009,-inf,227561,-441.696,inf,0
5.100-16-dp0,9,42190.6,42009,-inf,227561,-441.696,inf,0
5.100-16-dp1,0,42190.6,42009,-inf,228280,-443.407,inf,0
5.100-16-dp1,1,42190.6,42009,-inf,228280,-443.407,inf,0
5.100-16-dp1,2,42190.6,42009,-inf,228280,-443.407,inf,0
5.100-16-dp1,3,42190.6,42009,-inf,228280,-443.407,inf,0
5.100-16-dp1,4,42190.6,42009,-inf,228280,-443.407,inf,0
5.100-16-dp1,5,42190.6,42009,-inf,228280,-443.407,inf,0
5.100-16-dp1,6,42190.6,42009,-inf,228280,-443.407,inf,0
5.100-16-dp1,7,42190.6,42009,-inf,228280,-443.407,inf,0
5.100-16-dp1,8,42190.6,42009,-inf,228280,-443.407,inf,0
5.100-16-dp1,9,42190.6,42009,-inf,228280,-443.407,inf,0
5.100-17-dp0,0,45265.5,45020,-inf,221404,-391.79,inf,0
5.100-17-dp0,1,45265.5,45020,-inf,221404,-391.79,inf,0
5.100-17-dp0,2,45265.5,45020,-inf,221404,-391.79,inf,0
5.100-17-dp0,3,45265.5,45020,-inf,221404,-391.79,inf,0
5.100-17-dp0,4,45265.5,45020,-inf,221404,-391.79,inf,0
5.100-17-dp0,5,45265.5,45020,-inf,221404,-391.79,inf,0
5.100-17-dp0,6,45265.5,45020,-inf,221404,-391.79,inf,0
5.100-17-dp0,7,45265.5,45020,-inf,221404,-391.79,inf,0
5.100-17-dp0,8,45265.5,45020,-inf,221404,-391.79,inf,0
5.100-17-dp0,9,45265.5,45020,-inf,221404,-391.79,inf,0
5.100-17-dp1,0,45265.5,45020,-inf,221311,-391.584,inf,0
5.100-17-dp1,1,45265.5,45020,-inf,220737,-390.309,inf,0
5.100-17-dp1,2,45265.5,45020,-inf,221311,-391.584,inf,0
5.100-17-dp1,3,45265.5,45020,-inf,221311,-391.584,inf,0
5.100-17-dp1,4,45265.5,45020,-inf,221311,-391.584,inf,0
5.100-17-dp1,5,45265.5,45020,-inf,221311,-391.584,inf,0
5.100-17-dp1,6,45265.5,45020,-inf,221311,-391.584,inf,0
5.100-17-dp1,7,45265.5,45020,-inf,220737,-390.309,inf,0
5.100-17-dp1,8,45265.5,45020,-inf,221311,-391.584,inf,0
5.100-17-dp1,9,45265.5,45020,-inf,221311,-391.584,inf,0
5.100-18-dp0,0,43567.5,43441,-inf,222692,-412.631,inf,0
5.100-18-dp0,1,43567.5,43441,-inf,222692,-412.631,inf,0
5.100-18-dp0,2,43567.5,43441,-inf,222692,-412.631,inf,0
5.100-18-dp0,3,43567.5,43441,-inf,222692,-412.631,inf,0
5.100-18-dp0,4,43567.5,43441,-inf,222692,-412.631,inf,0
5.100-18-dp0,5,43567.5,43441,-inf,222692,-412.631,inf,0
5.100-18-dp0,6,43567.5,43441,-inf,222692,-412.631,inf,0
5.100-18-dp0,7,43567.5,43441,-inf,222692,-412.631,inf,0
5.100-18-dp0,8,43567.5,43441,-inf,222692,-412.631,inf,0
5.100-18-dp0,9,43567.5,43441,-inf,222692,-412.631,inf,0
5.100-18-dp1,0,43567.5,43441,-inf,223023,-413.393,inf,0
5.100-18-dp1,1,43567.5,43441,-inf,223023,-413.393,inf,0
5.100-18-dp1,2,43567.5,43441,-inf,223023,-413.393,inf,0
5.100-18-dp1,3,43567.5,43441,-inf,223023,-413.393,inf,0
5.100-18-dp1,4,43567.5,43441,-inf,223023,-413.393,inf,0
5.100-18-dp1,5,43567.5,43441,-inf,223023,-413.393,inf,0
5.100-18-dp1,6,43567.5,43441,-inf,223023,-413.393,inf,0
5.100-18-dp1,7,43567.5,43441,-inf,223023,-413.393,inf,0
5.100-18-dp1,8,43567.5,43441,-inf,223023,-413.393,inf,0
5.100-18-dp1,9,43567.5,43441,-inf,223023,-413.393,inf,0
5.100-19-dp0,0,44796.6,44554,-inf,214631,-381.732,inf,0
5.100-19-dp0,1,44796.6,44554,-inf,214631,-381.732,inf,0
5.100-19-dp0,2,44796.6,44554,-inf,214631,-381.732,inf,0
5.100-19-dp0,3,44796.6,44554,-inf,214631,-381.732,inf,0
5.100-19-dp0,4,44796.6,44554,-inf,214631,-381.732,inf,0
5.100-19-dp0,5,44796.6,44554,-inf,214631,-381.732,inf,0
5.100-19-dp0,6,44796.6,44554,-inf,214631,-381.732,inf,0
5.100-19-dp0,7,44796.6,44554,-inf,214631,-381.732,inf,0
5.100-19-dp0,8,44796.6,44554,-inf,214631,-381.732,inf,0
5.100-19-dp0,9,44796.6,44554,-inf,214631,-381.732,inf,0
5.100-19-dp1,0,44796.6,44554,-inf,215708,-384.15,inf,0
5.100-19-dp1,1,44796.6,44554,-inf,215708,-384.15,inf,0
5.100-19-dp1,2,44796.6,44554,-inf,215708,-384.15,inf,0
5.100-19-dp1,3,44796.6,44554,-inf,215708,-384.15,inf,0
5.100-19-dp1,4,44796.6,44554,-inf,215708,-384.15,inf,0
5.100-19-dp1,5,44796.6,44554,-inf,215708,-384.15,inf,0
5.100-19-dp1,6,44796.6,44554,-inf,215708,-384.15,inf,0
5.100-19-dp1,7,44796.6,44554,-inf,215708,-384.15,inf,0
5.100-19-dp1,8,44796.6,44554,-inf,215708,-384.15,inf,0
5.100-19-dp1,9,44796.6,44554,-inf,215708,-384.15,inf,0
16-dp1,9,42190.6,42009,-inf,228280,-443.407,inf,57983028248
5.100-17-dp0,0,45265.5,45020,-inf,221404,-391.79,inf,57983028248
5.100-17-dp0,1,45265.5,45020,-inf,221404,-391.79,inf,57983028248
5.100-17-dp0,2,45265.5,45020,-inf,221404,-391.79,inf,57983028248
5.100-17-dp0,3,45265.5,45020,-inf,221404,-391.79,inf,57983028248
5.100-17-dp0,4,45265.5,45020,-inf,221404,-391.79,inf,57983028248
5.100-17-dp0,5,45265.5,45020,-inf,221404,-391.79,inf,57983028248
5.100-17-dp0,6,45265.5,45020,-inf,221404,-391.79,inf,57983028248
5.100-17-dp0,7,45265.5,45020,-inf,221404,-391.79,inf,57983028248
5.100-17-dp0,8,45265.5,45020,-inf,221404,-391.79,inf,57983028248
5.100-17-dp0,9,45265.5,45020,-inf,221404,-391.79,inf,57983028248
5.100-17-dp1,0,45265.5,45020,-inf,221311,-391.584,inf,57983028248
5.100-17-dp1,1,45265.5,45020,-inf,220737,-390.309,inf,57983028248
5.100-17-dp1,2,45265.5,45020,-inf,221311,-391.584,inf,57983028248
5.100-17-dp1,3,45265.5,45020,-inf,221311,-391.584,inf,57983028248
5.100-17-dp1,4,45265.5,45020,-inf,221311,-391.584,inf,57983028248
5.100-17-dp1,5,45265.5,45020,-inf,221311,-391.584,inf,57983028248
5.100-17-dp1,6,45265.5,45020,-inf,221311,-391.584,inf,57983028248
5.100-17-dp1,7,45265.5,45020,-inf,220737,-390.309,inf,57983028248
5.100-17-dp1,8,45265.5,45020,-inf,221311,-391.584,inf,57983028248
5.100-17-dp1,9,45265.5,45020,-inf,221311,-391.584,inf,57983028248
5.100-18-dp0,0,43567.5,43441,-inf,222692,-412.631,inf,57983028248
5.100-18-dp0,1,43567.5,43441,-inf,222692,-412.631,inf,57983028248
5.100-18-dp0,2,43567.5,43441,-inf,222692,-412.631,inf,57983028248
5.100-18-dp0,3,43567.5,43441,-inf,222692,-412.631,inf,57983028248
5.100-18-dp0,4,43567.5,43441,-inf,222692,-412.631,inf,57983028248
5.100-18-dp0,5,43567.5,43441,-inf,222692,-412.631,inf,57983028248
5.100-18-dp0,6,43567.5,43441,-inf,222692,-412.631,inf,57983028248
5.100-18-dp0,7,43567.5,43441,-inf,222692,-412.631,inf,57983028248
5.100-18-dp0,8,43567.5,43441,-inf,222692,-412.631,inf,57983028248
5.100-18-dp0,9,43567.5,43441,-inf,222692,-412.631,inf,57983028248
5.100-18-dp1,0,43567.5,43441,-inf,223023,-413.393,inf,57983028248
5.100-18-dp1,1,43567.5,43441,-inf,223023,-413.393,inf,57983028248
5.100-18-dp1,2,43567.5,43441,-inf,223023,-413.393,inf,57983028248
5.100-18-dp1,3,43567.5,43441,-inf,223023,-413.393,inf,57983028248
5.100-18-dp1,4,43567.5,43441,-inf,223023,-413.393,inf,57983028248
5.100-18-dp1,5,43567.5,43441,-inf,223023,-413.393,inf,57983028248
5.100-18-dp1,6,43567.5,43441,-inf,223023,-413.393,inf,57983028248
5.100-18-dp1,7,43567.5,43441,-inf,223023,-413.393,inf,57983028248
5.100-18-dp1,8,43567.5,43441,-inf,223023,-413.393,inf,57983028248
5.100-18-dp1,9,43567.5,43441,-inf,223023,-413.393,inf,57983028248
5.100-19-dp0,0,44796.6,44554,-inf,214631,-381.732,inf,57983028248
5.100-19-dp0,1,44796.6,44554,-inf,214631,-381.732,inf,57983028248
5.100-19-dp0,2,44796.6,44554,-inf,214631,-381.732,inf,57983028248
5.100-19-dp0,3,44796.6,44554,-inf,214631,-381.732,inf,57983028248
5.100-19-dp0,4,44796.6,44554,-inf,214631,-381.732,inf,57983028248
5.100-19-dp0,5,44796.6,44554,-inf,214631,-381.732,inf,57983028248
5.100-19-dp0,6,44796.6,44554,-inf,214631,-381.732,inf,57983028248
5.100-19-dp0,7,44796.6,44554,-inf,214631,-381.732,inf,57983028248
5.100-19-dp0,8,44796.6,44554,-inf,214631,-381.732,inf,57983028248
5.100-19-dp0,9,44796.6,44554,-inf,214631,-381.732,inf,57983028248
5.100-19-dp1,0,44796.6,44554,-inf,215708,-384.15,inf,57983028248
5.100-19-dp1,1,44796.6,44554,-inf,215708,-384.15,inf,57983028248
5.100-19-dp1,2,44796.6,44554,-inf,215708,-384.15,inf,57983028248
5.100-19-dp1,3,44796.6,44554,-inf,215708,-384.15,inf,57983028248
5.100-19-dp1,4,44796.6,44554,-inf,215708,-384.15,inf,57983028248
5.100-19-dp1,5,44796.6,44554,-inf,215708,-384.15,inf,57983028248
5.100-19-dp1,6,44796.6,44554,-inf,215708,-384.15,inf,57983028248
5.100-19-dp1,7,44796.6,44554,-inf,215708,-384.15,inf,57983028248
5.100-19-dp1,8,44796.6,44554,-inf,215708,-384.15,inf,57983028248
5.100-19-dp1,9,44796.6,44554,-inf,215708,-384.15,inf,57983028248
